{"bing": {"a492ab48c3791c47c3827e1127e1f505": "/home/infernal/PycharmProjects/AI_Content_Creator/output/2023-06-08 14:20:20/image_1", "417190edc560cb2113b5651d8beb4fde": "/home/infernal/PycharmProjects/AI_Content_Creator/output/2023-06-08 14:20:20/image_2", "40b0417bd3e8a6decfc33090f5949597": "/home/infernal/PycharmProjects/AI_Content_Creator/output/2023-06-08 14:20:20/image_3", "52b25d72c5d86e59bd9da169a2041ae4": "/home/infernal/PycharmProjects/AI_Content_Creator/output/2023-06-08 14:20:20/image_4", "575b584f84b0429128b08ca6962b93ce": "/home/infernal/PycharmProjects/AI_Content_Creator/output/2023-06-16 01:44:19/image_1", "6301072b4be398623735f37137a35bfb": "/home/infernal/PycharmProjects/AI_Content_Creator/output/2023-06-16 01:44:19/image_2", "d556b89c76abb0a0988d67b1b4e41087": "/home/infernal/PycharmProjects/AI_Content_Creator/output/2023-06-16 01:44:19/image_3", "df53d69ff5f8b3be66b5bdbb6c0b1c02": "/home/infernal/PycharmProjects/AI_Content_Creator/output/2023-06-16 01:44:19/image_4", "4a487965b5df57edc10cf82b2c7cc445": "/home/infernal/PycharmProjects/AI_Content_Creator/output/2023-06-16 01:44:19/image_5", "038dc2e74e1c7d51aa55ed86b19c6523": "/home/infernal/PycharmProjects/AI_Content_Creator/output/2023-06-16 01:44:19/image_6", "1b0a82ad3e1b7c0a0936d4321e6029a3": "/home/infernal/PycharmProjects/AI_Content_Creator/output/2023-06-16 01:44:19/image_7", "8d25b6dbff0b815cfbb92c6bcbe73cbc": "/home/infernal/PycharmProjects/AI_Content_Creator/output/2023-06-16 01:44:19/image_8", "3947ab36aac728ca13fa08685515b2f8": "/home/infernal/PycharmProjects/AI_Content_Creator/output/2023-06-16 01:44:19/image_9", "f521c9b04dcccf80b39db359f6c50c8c": "/home/infernal/PycharmProjects/AI_Content_Creator/output/2023-06-16 02:11:36/image_1", "24aefb19454234c03fb0b17f1732b9f8": "/home/infernal/PycharmProjects/AI_Content_Creator/output/2023-06-16 02:11:36/image_2", "d0be84fc3494b2be6722115aec7abe51": "/home/infernal/PycharmProjects/AI_Content_Creator/output/2023-06-16 02:11:36/image_3", "9ea8735966d4b12d745e59cec23674f7": "/home/infernal/PycharmProjects/AI_Content_Creator/output/2023-06-16 02:11:36/image_4", "a7f6e3b0ffd0104f6b12f715ec6fbeed": "/home/infernal/PycharmProjects/AI_Content_Creator/output/2023-06-16 02:15:00/image_1", "dabdd2e60f2b320e8a0aed1cd49a731c": "/home/infernal/PycharmProjects/AI_Content_Creator/output/2023-06-16 02:15:00/image_2", "390bb18fe21426e78e05d204b7ccef9b": "/home/infernal/PycharmProjects/AI_Content_Creator/output/2023-06-16 02:15:00/image_3", "b2ecb425c0833984018ea64d4ac2e0df": "/home/infernal/PycharmProjects/AI_Content_Creator/output/2023-06-16 02:15:00/image_4", "6b07f66dd51ec05eb8e9866c846f5b0d": "/home/infernal/PycharmProjects/AI_Content_Creator/output/2023-06-16 02:15:00/image_5", "80055be220f2a2e3adf59fa9285ecb9e": "/home/infernal/PycharmProjects/AI_Content_Creator/output/2023-06-16 02:15:00/image_6", "1eb342594c0034251148aafeaa11753c": "/home/infernal/PycharmProjects/AI_Content_Creator/output/2023-06-16 02:15:00/image_7", "12a665bdc99cff13926230caa33d7538": "/home/infernal/PycharmProjects/AI_Content_Creator/output/2023-06-16 02:15:00/image_8", "3fb068b7fe82ecc3e0fb09e09e60a001": "/home/infernal/PycharmProjects/AI_Content_Creator/output/2023-06-16 02:15:00/image_9", "6a018a8f0a8677150da8476e946c7af9": "/home/infernal/PycharmProjects/AI_Content_Creator/output/2023-06-16 02:15:00/image_10", "1a674e52c120bada46172ea0d5a3fc27": "/home/infernal/PycharmProjects/AI_Content_Creator/output/2023-06-16 02:15:00/image_11", "2b4f700eff7403a1404c95a056180c8c": "/home/infernal/PycharmProjects/AI_Content_Creator/output/2023-06-16 02:15:00/image_12", "c4bbfcd8e4f58945f0c1a1704970eaf8": "/home/infernal/PycharmProjects/AI_Content_Creator/output/2023-06-16 02:41:29/image_1", "96f90aa2e7ac4515d7a84b5ec4b84638": "/home/infernal/PycharmProjects/AI_Content_Creator/output/2023-06-16 02:41:29/image_2", "2d3d3e27d6f446afa33e19b0ee4b9b2b": "/home/infernal/PycharmProjects/AI_Content_Creator/output/2023-06-16 03:09:35/image_1", "5b67f9cee78cd5248741c55e6dd5e12c": "/home/infernal/PycharmProjects/AI_Content_Creator/output/2023-06-16 03:09:35/image_2", "400ca78b33f03be963334148da5e73de": "/home/infernal/PycharmProjects/AI_Content_Creator/output/2023-06-16 03:09:35/image_3", "3a1379bd19ce7fd38b4b4a5c8131d446": "/home/infernal/PycharmProjects/AI_Content_Creator/output/2023-06-16 03:09:35/image_4", "726a5e85358e2d759edd242350101460": "/home/infernal/PycharmProjects/AI_Content_Creator/output/2023-06-16 03:09:35/image_5", "87f96763cf126ebadca872bc1200335e": "/home/infernal/PycharmProjects/AI_Content_Creator/output/2023-06-16 03:09:35/image_6", "ba7908459123f2a6ae1fa6afb90b4a32": "/home/infernal/PycharmProjects/AI_Content_Creator/output/2023-06-16 03:09:35/image_7", "e23dfba23d2504293adad253d58c702b": "/home/infernal/PycharmProjects/AI_Content_Creator/output/2023-06-16 03:09:35/image_8", "a27596dbe29aa694add3dd30300b23a1": "/home/infernal/PycharmProjects/AI_Content_Creator/output/2023-06-16 03:09:35/image_9", "8b6c601335b7c91b62396cf009bbef91": "/home/infernal/PycharmProjects/AI_Content_Creator/output/2023-06-16 03:09:35/image_10", "641ce3d98f403449a784307341f34818": "/home/infernal/PycharmProjects/AI_Content_Creator/output/2023-06-16 03:09:35/image_11", "eadfcaa2a7a8cd6551623af300567016": "/home/infernal/PycharmProjects/AI_Content_Creator/output/2023-06-16 03:09:35/image_12", "fba17036f127f37a592c2ca886c036f3": "/home/infernal/PycharmProjects/AI_Content_Creator/output/2023-06-16 03:09:35/image_13", "d47786ff13dc04ac77ad295e6a4fd1f4": "/home/infernal/PycharmProjects/AI_Content_Creator/output/2023-06-16 03:09:35/image_14", "b1b39cdd6389b0edcdad3c4f4e2d18dc": "/home/infernal/PycharmProjects/AI_Content_Creator/output/2023-06-16 03:09:35/image_15", "6071ee3e1d2d71364ea032e1eaf922ab": "/home/infernal/PycharmProjects/AI_Content_Creator/output/2023-06-16 03:09:35/image_16", "40dc8b4f9ee7dd127961446a508c57bb": "/home/infernal/PycharmProjects/AI_Content_Creator/output/2023-06-16 03:09:35/image_17", "8cce6959287f49e9077714c2ead66b57": "/home/infernal/PycharmProjects/AI_Content_Creator/output/2023-06-16 03:09:35/image_18", "13b8741cb21fb7a948751a3cf2321d32": "/home/infernal/PycharmProjects/AI_Content_Creator/output/2023-06-16 03:09:35/image_19", "9162847328947cdada3265a998978c9e": "/home/infernal/PycharmProjects/AI_Content_Creator/output/2023-06-16 03:09:35/image_20", "cf88564709af3263a35b04a4f30898a6": "/home/infernal/PycharmProjects/AI_Content_Creator/output/2023-06-16 03:09:35/image_21", "9c4a5b8fb0a98262bd43ff47655eb045": "/home/infernal/PycharmProjects/AI_Content_Creator/output/2023-06-16 03:09:35/image_22", "4011df00d4dedbea4d956f7867c5d65f": "/home/infernal/PycharmProjects/AI_Content_Creator/output/2023-06-16 03:09:35/image_23", "0c985f2f9e0571094af52f4091f60fa4": "/home/infernal/PycharmProjects/AI_Content_Creator/output/2023-06-16 03:09:35/image_24", "8ba5bc603cb9fa64473557aa1f707082": "/home/infernal/PycharmProjects/AI_Content_Creator/output/2023-06-16 03:09:35/image_25", "470752da2d9bd248685c742cb0ab885d": "/home/infernal/PycharmProjects/AI_Content_Creator/output/2023-06-16 03:09:35/image_26", "fd6450320ea607566b20aec2b21f29a7": "/home/infernal/PycharmProjects/AI_Content_Creator/output/2023-06-16 03:09:35/image_27", "5ad37514db5ee55a508cc98f9fc3c26b": "/home/infernal/PycharmProjects/AI_Content_Creator/output/2023-06-16 03:09:35/image_28", "d959a2ba9416c1db652cde60915726ce": "/home/infernal/PycharmProjects/AI_Content_Creator/output/2023-06-16 03:09:35/image_29", "792acaeb11b7a87c8fc2ce45a3d50b12": "/home/infernal/PycharmProjects/AI_Content_Creator/output/2023-06-16 03:09:35/image_30", "efcecb81b9c9889e738f62ca157dc575": "/home/infernal/PycharmProjects/AI_Content_Creator/output/2023-06-16 03:09:35/image_31", "c1b67a3835a2e534e70b5e7e4f7e1cc8": "/home/infernal/PycharmProjects/AI_Content_Creator/output/2023-06-16 03:09:35/image_32", "00eb95ea0334232fa0615b46c0462946": "/home/infernal/PycharmProjects/AI_Content_Creator/output/2023-06-16 03:09:35/image_33", "c5ea052cb4a5ab652db3efb74a4aa695": "/home/infernal/PycharmProjects/AI_Content_Creator/output/2023-06-16 13:17:41/image_1", "c6807b7587e339b1cedd61082591999c": "/home/infernal/PycharmProjects/AI_Content_Creator/output/2023-06-16 13:17:41/image_2", "f77a4923588202220c2879e9c3581185": "/home/infernal/PycharmProjects/AI_Content_Creator/output/2023-06-16 13:17:41/image_3", "d871d90fe243bab7d1dd39d93e349393": "/home/infernal/PycharmProjects/AI_Content_Creator/output/2023-06-16 13:17:41/image_4", "2de75001417dcdea677f75c42e27490c": "/home/infernal/PycharmProjects/AI_Content_Creator/output/2023-06-16 13:17:41/image_5", "56ccccd1e7a669694445de3bb079a368": "/home/infernal/PycharmProjects/AI_Content_Creator/output/2023-06-16 13:17:41/image_6", "7b972cbf35d2019dc97a44098a819907": "/home/infernal/PycharmProjects/AI_Content_Creator/output/2023-06-16 13:17:41/image_7", "e3a66b91d4f3bbf94eadf393c7f7dfb1": "/home/infernal/PycharmProjects/AI_Content_Creator/output/2023-06-16 13:17:41/image_8", "9951bdeaee29fc5c5566c4289d5a8ff2": "/home/infernal/PycharmProjects/AI_Content_Creator/output/2023-06-16 13:17:41/image_9", "0fc6d2f6c7489128495514fb44453b91": "/home/infernal/PycharmProjects/AI_Content_Creator/output/2023-06-16 13:17:41/image_10", "0b3457e1375de23cf0ec1f237b23ca87": "/home/infernal/PycharmProjects/AI_Content_Creator/output/2023-06-16 13:17:41/image_11", "873c12868cab14212b8a549af70d5b11": "/home/infernal/PycharmProjects/AI_Content_Creator/output/2023-06-16 23:52:49/image_1", "0817eb63385d0d2af50eab510651469d": "/home/infernal/PycharmProjects/AI_Content_Creator/output/2023-06-16 23:52:49/image_2", "6b528180c569c8412f0cb09af92003bc": "/home/infernal/PycharmProjects/AI_Content_Creator/output/2023-06-17 00:00:44/image_1", "6d616e24a80ff53d53b3ab8c3ea8c485": "/home/infernal/PycharmProjects/AI_Content_Creator/output/2023-06-17 00:00:44/image_2", "ac1268b79abaf32739af489f9e64febe": "/home/infernal/PycharmProjects/AI_Content_Creator/output/2023-06-17 00:05:21/image_1", "20de446e64e83cb0bfc8d71e9ffa1225": "/home/infernal/PycharmProjects/AI_Content_Creator/output/2023-06-17 00:05:21/image_2", "a9f2b57c6e3cb0adf4d0e6c93a6392ac": "/home/infernal/PycharmProjects/AI_Content_Creator/output/2023-06-17 00:09:31/image_1", "086b3b405af9960887f832157ca07729": "/home/infernal/PycharmProjects/AI_Content_Creator/output/2023-06-17 00:09:31/image_2", "3a7760dd94dce9473edc4292c4624177": "/home/infernal/PycharmProjects/AI_Content_Creator/output/2023-06-17 00:16:03/image_1", "cbcd6c0d9393daafa5eaefdafb745c93": "/home/infernal/PycharmProjects/AI_Content_Creator/output/2023-06-17 00:16:03/image_2", "bfaf5aab7711ce67167217fc27f73293": "/home/infernal/PycharmProjects/AI_Content_Creator/output/2023-06-17 00:16:03/image_3", "4297442d2ddbfb0e3e1ac2e133f95c53": "/home/infernal/PycharmProjects/AI_Content_Creator/output/2023-06-17 00:19:15/image_1", "a58217571d4b8d268b3584169c89953a": "/home/infernal/PycharmProjects/AI_Content_Creator/output/2023-06-17 00:19:15/image_2", "47e785c467eff21a7f22618b9faecf0b": "/home/infernal/PycharmProjects/AI_Content_Creator/output/2023-06-17 00:19:15/image_3", "7ee8a4878c2a54288bef1077c53de1d3": "/home/infernal/PycharmProjects/AI_Content_Creator/output/2023-06-17 00:23:48/image_1", "7beaa370d1526612fe6b6be82baedf8c": "/home/infernal/PycharmProjects/AI_Content_Creator/output/2023-06-17 00:23:48/image_2", "f6a5445471c88279ff12fe52bc3fe47e": "/home/infernal/PycharmProjects/AI_Content_Creator/output/2023-06-17 00:31:50/image_1", "2ca2cda58d72c1cc06ac14256f2e30ea": "/home/infernal/PycharmProjects/AI_Content_Creator/output/2023-06-17 00:31:50/image_2", "a43d8753da957a6815ee6a4d76f9343e": "/home/infernal/PycharmProjects/AI_Content_Creator/output/2023-06-17 00:31:50/image_3", "0686b5e67433ee8ad15ff385615258a9": "/home/infernal/PycharmProjects/AI_Content_Creator/output/2023-06-17 00:34:56/image_1", "14494215de717e99fc25e896574f32c3": "/home/infernal/PycharmProjects/AI_Content_Creator/output/2023-06-17 00:34:56/image_2", "f9e85225ee35bfc3f977f3938ff4f322": "/home/infernal/PycharmProjects/AI_Content_Creator/output/2023-06-17 13:56:18/image_1", "f0df5aa4c25084e8ff85d076f57ddc90": "/home/infernal/PycharmProjects/AI_Content_Creator/output/2023-06-17 13:56:18/image_2", "6c646a86dc68f32a36b13c5978a81728": "/home/infernal/PycharmProjects/AI_Content_Creator/output/2023-06-17 14:07:15/image_1", "88847f62176ecd28e095108b50c52746": "/home/infernal/PycharmProjects/AI_Content_Creator/output/2023-06-17 14:07:15/image_2", "2f66f6d6093f923e69622896f8a70cdf": "/home/infernal/PycharmProjects/AI_Content_Creator/output/2023-06-17 14:12:07/image_1", "5f3bce34ca61368c50bb797833d0115c": "/home/infernal/PycharmProjects/AI_Content_Creator/output/2023-06-17 14:12:07/image_2", "bbf842fe9c5ea8cf2126c11e8dc650d9": "/home/infernal/PycharmProjects/AI_Content_Creator/output/2023-06-17 14:12:07/image_3", "b7061dccc7b4aaeb05b8aa6b02306663": "/home/infernal/PycharmProjects/AI_Content_Creator/output/2023-06-18 19:17:23/image_1", "d53fec5c135c154324dfaa5b3f5fd763": "/home/infernal/PycharmProjects/AI_Content_Creator/output/2023-06-18 19:17:23/image_2", "6b0f44aade4dd34fbea311306b74d3cd": "/home/infernal/PycharmProjects/AI_Content_Creator/output/2023-06-18 19:17:23/image_3", "8434abb96e9f45db5c1d66bb6a35b5ca": "/home/infernal/PycharmProjects/AI_Content_Creator/output/2023-06-18 19:17:23/image_4", "74b942a05ee0d3b0942ef9fa1ebd318d": "/home/infernal/PycharmProjects/AI_Content_Creator/output/2023-06-18 19:51:48/image_1", "221cdfe8d72c7426c1e42c72f18eb962": "/home/infernal/PycharmProjects/AI_Content_Creator/output/2023-06-18 20:34:09/image_1", "4151ab06c7ce9e6fc4d84f9fba990043": "/home/infernal/PycharmProjects/AI_Content_Creator/output/2023-06-18 20:39:32/image_1", "cabe75c2833adee89d2e782d0ab86e69": "/home/infernal/PycharmProjects/AI_Content_Creator/output/2023-06-18 20:43:28/image_1", "3e15bad06d80da69c3f735b732011a1f": "/home/infernal/PycharmProjects/AI_Content_Creator/output/2023-06-18 20:43:28/image_2", "25b4a81035942dad4ce778c9ec4d4859": "/home/infernal/PycharmProjects/AI_Content_Creator/output/2023-06-18 20:43:28/image_3", "a53a70c31a0d56cbcf8a39af546dd364": "/home/infernal/PycharmProjects/AI_Content_Creator/output/2023-06-18 20:43:28/image_4", "9b9119c14507a2a69caede4dc34bdc4a": "/home/infernal/PycharmProjects/AI_Content_Creator/output/2023-06-18 20:53:19/image_1", "b42a38cc3e71e2e2bdd72b0872a5313b": "/home/infernal/PycharmProjects/AI_Content_Creator/output/2023-06-18 20:59:18/image_1", "0b47c6fe09a78deb6d4f92db8531c59e": "/home/infernal/PycharmProjects/AI_Content_Creator/output/2023-06-18 20:59:18/image_2", "4cfd3f79237270ce7651da839913b532": "/home/infernal/PycharmProjects/AI_Content_Creator/output/2023-06-18 21:08:55/image_1", "f965f2396735963468629a0b672019b2": "/home/infernal/PycharmProjects/AI_Content_Creator/output/2023-06-18 21:08:55/image_2", "e3ef31d166c57ba76dbe04b068f2ddfc": "/home/infernal/PycharmProjects/AI_Content_Creator/output/2023-06-18 21:08:55/image_3", "df9aa91f77c49d3374d02d53c0f737ac": "/home/infernal/PycharmProjects/AI_Content_Creator/output/2023-06-18 21:21:08/image_1", "6871046a14a1d9e8469ed68553c11f2a": "/home/infernal/PycharmProjects/AI_Content_Creator/output/2023-06-18 21:21:08/image_2", "e94fe86883c67f8442c3c016c4234bf7": "/home/infernal/PycharmProjects/AI_Content_Creator/output/2023-06-19 10:36:08/image_1", "18a7bb9bd826e0becb238d120d0cede0": "/home/infernal/PycharmProjects/AI_Content_Creator/output/2023-06-19 10:36:08/image_2", "fbd21c6864676fd370ec058b1ce0b999": "/home/infernal/PycharmProjects/AI_Content_Creator/output/2023-06-19 10:41:46/image_1", "a4edd044f0f2bbd302df79593fe893d7": "/home/infernal/PycharmProjects/AI_Content_Creator/output/2023-06-19 10:53:47/image_1", "7f980aa55a1ead5d702a1811c056b032": "/home/infernal/PycharmProjects/AI_Content_Creator/output/2023-06-19 10:58:27/image_1", "8fadb3a15a769516b4c673522b903525": "/home/infernal/PycharmProjects/AI_Content_Creator/output/2023-06-19 10:58:27/image_2", "299b757a8557bda181cfb61767a0d17a": "/home/infernal/PycharmProjects/AI_Content_Creator/output/2023-06-19 11:19:55/image_1", "90360ffbde329407ff372bd64e3f91b7": "/home/infernal/PycharmProjects/AI_Content_Creator/output/2023-06-19 11:19:55/image_2", "6dc45a48532dab1692e05b2e7d92e6d6": "/home/infernal/PycharmProjects/AI_Content_Creator/output/2023-06-19 11:19:55/image_3", "45ed97aab35fd9cd0ce03288c7107d08": "/home/infernal/PycharmProjects/AI_Content_Creator/output/2023-06-19 11:26:23/image_1", "d4b05ff61ddaca9ebbbff87e1011a3c1": "/home/infernal/PycharmProjects/AI_Content_Creator/output/2023-06-19 11:30:26/image_1", "b39202650ce59ff64b46b58bcd69b73e": "/home/infernal/PycharmProjects/AI_Content_Creator/output/2023-06-19 11:30:26/image_2", "df7a174ce481f53a82c04de101380b5d": "/home/infernal/PycharmProjects/AI_Content_Creator/output/2023-06-19 11:30:26/image_3", "15e68cda877ec670121b1cb8b1ce4460": "/home/infernal/PycharmProjects/AI_Content_Creator/output/2023-06-19 11:44:52/image_1", "34451e6551dbb4ae0825c6269bb44976": "/home/infernal/PycharmProjects/AI_Content_Creator/output/2023-06-19 11:44:52/image_2", "ade1e24515ef7f429137897106408ce4": "/home/infernal/PycharmProjects/AI_Content_Creator/output/2023-06-19 11:44:52/image_3", "226c10f4705af6fdfad34dfd786071eb": "/home/infernal/PycharmProjects/AI_Content_Creator/output/2023-06-19 11:50:16/image_1", "e82aa7e549a11e02621806a6811a7fc0": "/home/infernal/PycharmProjects/AI_Content_Creator/output/2023-06-21 00:42:21/image_1", "545ee419cbb51252af6f4c7d353a3198": "/home/infernal/PycharmProjects/AI_Content_Creator/output/2023-06-21 00:43:13/image_1", "fe9bcdf0c7500ca87f7a51774456a840": "/home/infernal/PycharmProjects/AI_Content_Creator/output/2023-06-21 00:43:13/image_2", "c9c77b99809cea1a97734f8dfde08449": "/home/infernal/PycharmProjects/AI_Content_Creator/output/2023-06-21 00:43:13/image_3", "54983b8680030152de5f3c7492a5fcb5": "/home/infernal/PycharmProjects/AI_Content_Creator/output/2023-06-21 00:43:13/image_4", "b2a0944f0a98b76cd0060df092394575": "/home/infernal/PycharmProjects/AI_Content_Creator/output/2023-06-21 02:38:13/image_1", "26e9340bb4b683d076b0d0fc7c2de5eb": "/home/infernal/PycharmProjects/AI_Content_Creator/output/2023-06-21 02:38:13/image_2", "54184d70877e5949786484fb8d2d03bc": "/home/infernal/PycharmProjects/AI_Content_Creator/output/2023-06-21 02:38:13/image_3", "07cd24010edef671534f0a496473ccee": "/home/infernal/PycharmProjects/AI_Content_Creator/output/2023-06-21 03:22:39/image_1", "1592c84e45f6f1471dc390d35119f6d9": "/home/infernal/PycharmProjects/AI_Content_Creator/output/2023-06-21 03:22:39/image_2", "e57e1819f4c0f95b99e8d38232d85bd3": "/home/infernal/PycharmProjects/AI_Content_Creator/output/2023-06-21 03:22:39/image_3", "9a6a6ab7fa45b8eb0d08d887834a4eb1": "/home/infernal/PycharmProjects/AI_Content_Creator/output/2023-06-21 03:22:39/image_4", "732c0f061944f8d3ec95e150acaa8f48": "/home/infernal/PycharmProjects/AI_Song_Clip_Creator/output/2023-06-27 15:31:41/image_1", "946b933d6709aa287663516b814743ea": "/home/infernal/PycharmProjects/AI_Song_Clip_Creator/output/2023-06-27 15:31:41/image_2", "e4bd2a4255135199998d5ce59930af75": "/home/infernal/PycharmProjects/AI_Song_Clip_Creator/output/2023-06-27 15:31:41/image_3", "cdee31de55c64cea18d68eb436f1f359": "/home/infernal/PycharmProjects/AI_Song_Clip_Creator/output/2023-06-27 15:31:41/image_4", "8fa56c68540d28132a961883f437e372": "/home/infernal/PycharmProjects/AI_Song_Clip_Creator/output/2023-06-28 15:59:21/image_1", "e501f760ca9220811efee9b980bea28d": "/home/infernal/PycharmProjects/AI_Song_Clip_Creator/output/2023-06-28 15:59:21/image_2", "e092bc5dab0de43b4460c562da4ee8ca": "/home/infernal/PycharmProjects/AI_Song_Clip_Creator/output/2023-06-28 15:59:21/image_3", "0b66babfab08bbb9f1ee7f88cb7a7cfc": "/home/infernal/PycharmProjects/AI_Song_Clip_Creator/output/2023-06-28 15:59:21/image_4", "8f7078e5381c57ea2ebee2f5192339bb": "/home/infernal/PycharmProjects/AI_Song_Clip_Creator/output/2023-06-29 19:57:50/image_1", "92c84ed6b7ac2532d079ec0bfd16eb7a": "/home/infernal/PycharmProjects/AI_Song_Clip_Creator/output/2023-06-29 19:57:50/image_2", "b85baba737e792f74f2116e608d854bd": "/home/infernal/PycharmProjects/AI_Song_Clip_Creator/output/2023-06-29 19:57:50/image_3", "a9e9951c171016e4c80af81f4ff7dcb3": "/home/infernal/PycharmProjects/AI_Song_Clip_Creator/output/2023-06-29 19:57:50/image_4", "ec730a17176549c395e0bc7a9a5d453a": "/home/infernal/PycharmProjects/AI_Song_Clip_Creator/output/2023-06-29 22:26:57/image_1", "76de9438fb28106a7b15cdc0c5a1b40d": "/home/infernal/PycharmProjects/AI_Song_Clip_Creator/output/2023-06-29 22:26:57/image_2", "80c0378cadff5fd6069793e1b1c388bd": "/home/infernal/PycharmProjects/AI_Song_Clip_Creator/output/2023-06-29 22:26:57/image_3", "c6e854e00c7aa4d4bf50f2ee2b9b3e93": "/home/infernal/PycharmProjects/AI_Song_Clip_Creator/output/2023-06-29 22:26:57/image_4", "a5cf06ffb90c6fd96a41d375444bed95": "/home/infernal/PycharmProjects/AI_Song_Clip_Creator/output/2023-06-29 22:39:30/image_1", "50202dfae5c1db633adabef682e57b40": "/home/infernal/PycharmProjects/AI_Song_Clip_Creator/output/2023-06-29 22:39:30/image_2", "546e0d2db4c1091f7f7003adef2e5f96": "/home/infernal/PycharmProjects/AI_Song_Clip_Creator/output/2023-06-29 22:39:30/image_3", "ce68e67ce33c2a43c0496df483bdd501": "/home/infernal/PycharmProjects/AI_Song_Clip_Creator/output/2023-06-29 22:39:30/image_4", "14d1269d876b1338f2456e78188d30c1": "/home/infernal/PycharmProjects/AI_Song_Clip_Creator/output/2023-06-29 22:48:20/image_1", "0859ca6feb5854e098ec2ae097b11410": "/home/infernal/PycharmProjects/AI_Song_Clip_Creator/output/2023-06-29 22:48:20/image_2", "c570e8fa11b26f93bdce3efd55178037": "/home/infernal/PycharmProjects/AI_Song_Clip_Creator/output/2023-06-29 22:48:20/image_3", "d78bae0f4e3001eff32592f0c538882c": "/home/infernal/PycharmProjects/AI_Song_Clip_Creator/output/2023-06-29 22:48:20/image_4", "7aca274251239df7e95f67e5b9699fde": "/home/infernal/PycharmProjects/AI_Song_Clip_Creator/output/2023-06-29 22:50:55/image_1", "c2cecd7721180bb8483e3792876b37c5": "/home/infernal/PycharmProjects/AI_Song_Clip_Creator/output/2023-06-29 22:50:55/image_2", "432c63f0fde832a6b6896a4152440812": "/home/infernal/PycharmProjects/AI_Song_Clip_Creator/output/2023-06-29 22:50:55/image_3", "56508ad0720659fa0f14e35d62f4b44b": "/home/infernal/PycharmProjects/AI_Song_Clip_Creator/output/2023-06-29 22:50:55/image_4", "b46071ff474c0b939e709f826a5fec26": "/home/infernal/PycharmProjects/AI_Song_Clip_Creator/output/2023-06-29 22:54:56/image_1", "e27f99c40816cdaac259645b05bf62c5": "/home/infernal/PycharmProjects/AI_Song_Clip_Creator/output/2023-06-29 22:54:56/image_2", "173a4be3dde8d9a19353c677a6dd0e37": "/home/infernal/PycharmProjects/AI_Song_Clip_Creator/output/2023-06-29 22:54:56/image_3", "ccc823af67c4a519716e5e3c39228803": "/home/infernal/PycharmProjects/AI_Song_Clip_Creator/output/2023-06-29 22:54:56/image_4", "70ef9e20d9ca4ab59069d0bcb9169b24": "/home/infernal/PycharmProjects/AI_Song_Clip_Creator/output/2023-06-29 23:00:20/image_1", "14e70b1b423234f47c6c5f59237a05d9": "/home/infernal/PycharmProjects/AI_Song_Clip_Creator/output/2023-06-29 23:00:20/image_2", "e8678da4cf637216e39cd3d13f661e2d": "/home/infernal/PycharmProjects/AI_Song_Clip_Creator/output/2023-07-01 16:06:01/image_1", "1884d8263367dd14e2cb96015dc3d497": "/home/infernal/PycharmProjects/AI_Song_Clip_Creator/output/2023-07-01 16:06:01/image_2", "21dd848a08fa71b2ebc7d6f3e1cd321c": "/home/infernal/PycharmProjects/AI_Song_Clip_Creator/output/2023-07-01 16:06:01/image_3", "b1160c5c788493d1c3f17a39313b3012": "/home/infernal/PycharmProjects/AI_Song_Clip_Creator/output/2023-07-01 16:06:01/image_4", "d083a16b49eca2a8fbd5787f1707a9ab": "/home/infernal/PycharmProjects/AI_Song_Clip_Creator/output/2023-07-01 16:17:02/image_1", "bd6066d5c353548c017594c93e29d46e": "/home/infernal/PycharmProjects/AI_Song_Clip_Creator/output/2023-07-01 16:17:02/image_2", "8c6ac3b7e94ab0740972af2397286862": "/home/infernal/PycharmProjects/AI_Song_Clip_Creator/output/2023-07-01 16:17:02/image_3", "2cad7110448fb80ebffbe5a41cbe7264": "/home/infernal/PycharmProjects/AI_Song_Clip_Creator/output/2023-07-01 16:17:02/image_4", "da2ccccaf2e546ae75dc9e13e090b09a": "/home/infernal/PycharmProjects/AI_Song_Clip_Creator/output/2023-07-01 16:23:50/image_1", "0e9c4201ce5b6943b790c1489b079164": "/home/infernal/PycharmProjects/AI_Song_Clip_Creator/output/2023-07-01 16:23:50/image_2", "42491773ed8a0f419abc37103de2bda0": "/home/infernal/PycharmProjects/AI_Song_Clip_Creator/output/2023-07-01 16:32:38/image_1", "0af5d1aff9ffcedc0e1058064ea110a6": "/home/infernal/PycharmProjects/AI_Song_Clip_Creator/output/2023-07-01 16:39:18/image_1", "a8ece40512aae7dd7f48784ae203138a": "/home/infernal/PycharmProjects/AI_Song_Clip_Creator/output/2023-07-01 22:57:05/image_1", "42ce82055a041822ab718bef39854533": "/home/infernal/PycharmProjects/AI_Song_Clip_Creator/output/2023-07-01 22:57:05/image_2", "825bdb2503961752b0162101a5a5c31b": "/home/infernal/PycharmProjects/AI_Song_Clip_Creator/output/2023-07-01 22:57:05/image_3", "e26eb4665b0697220448701c3fb4f623": "/home/infernal/PycharmProjects/AI_Song_Clip_Creator/output/2023-07-01 22:57:05/image_4", "d478464e29b9d480589b2827c667078b": "/home/infernal/PycharmProjects/AI_Song_Clip_Creator/output/2023-07-01 22:57:05/image_5", "da2e7edc29f8dd3d1d9e1aca7274b51d": "/home/infernal/PycharmProjects/AI_Song_Clip_Creator/output/2023-07-01 23:02:52/image_1", "dc11641eb5887f1e3b65aef3dc06455e": "/home/infernal/PycharmProjects/AI_Song_Clip_Creator/output/2023-07-01 23:02:52/image_2", "491daa945d3e9b25504fc56ae2f02fff": "/home/infernal/PycharmProjects/AI_Song_Clip_Creator/output/2023-07-01 23:02:52/image_3", "a580ff835ac9260f6603e826e17515e5": "/home/infernal/PycharmProjects/AI_Song_Clip_Creator/output/2023-07-01 23:02:52/image_4", "732df835f4be2f9790473e27902a1915": "/home/infernal/PycharmProjects/AI_Song_Clip_Creator/output/2023-07-01 23:02:52/image_5", "00b8fe365a7091992935bef35e3aa7f1": "/home/infernal/PycharmProjects/AI_Song_Clip_Creator/output/2023-07-01 23:06:16/image_1", "edc74d265e30ace43ac5b34cd490a8fb": "/home/infernal/PycharmProjects/AI_Song_Clip_Creator/output/2023-07-01 23:06:16/image_2", "f9e6e49f28c9cd07b17acbc95c6dbf97": "/home/infernal/PycharmProjects/AI_Song_Clip_Creator/output/2023-07-01 23:06:16/image_3", "cdffdff74f6710e2f3630465fda6c893": "/home/infernal/PycharmProjects/AI_Song_Clip_Creator/output/2023-07-01 23:06:16/image_4", "61b0af9e747ec7219a5231ef9e231a4f": "/home/infernal/PycharmProjects/AI_Song_Clip_Creator/output/2023-07-01 23:06:16/image_5", "b2271e35f50ee4c10099b5b9c4f18b89": "/home/infernal/PycharmProjects/AI_Song_Clip_Creator/output/2023-07-01 23:11:25/image_1", "a663e73236e1a8d737fe05d7b3512028": "/home/infernal/PycharmProjects/AI_Song_Clip_Creator/output/2023-07-01 23:11:25/image_2", "d52484ef68c02d5274705c966c7fce22": "/home/infernal/PycharmProjects/AI_Song_Clip_Creator/output/2023-07-01 23:11:25/image_3", "c5d51564a598da727723d87537f3d955": "/home/infernal/PycharmProjects/AI_Song_Clip_Creator/output/2023-07-01 23:11:25/image_4", "b890ee092ae3eb9993c7a76cbe5c43a2": "/home/infernal/PycharmProjects/AI_Song_Clip_Creator/output/2023-07-01 23:11:25/image_5", "354616de4e18136e301301b753047c0e": "/home/infernal/PycharmProjects/AI_Song_Clip_Creator/output/2023-07-02 22:58:56/image_1", "8afb939e1c518ee537073ded74572e1f": "/home/infernal/PycharmProjects/AI_Song_Clip_Creator/output/2023-07-02 22:58:56/image_2", "349c392a2e469284883c55aeb77d2d42": "/home/infernal/PycharmProjects/AI_Song_Clip_Creator/output/2023-07-02 22:58:56/image_3", "c6001f6e99b239c6ccb5ddede4d75bc9": "/home/infernal/PycharmProjects/AI_Song_Clip_Creator/output/2023-07-02 22:58:56/image_4", "4e9ae0ca0bc1ac10eb8a55d81396a677": "/home/infernal/PycharmProjects/AI_Song_Clip_Creator/output/2023-07-02 23:06:15/image_1", "899c3702f29e60c3e06c3915bec70e94": "/home/infernal/PycharmProjects/AI_Song_Clip_Creator/output/2023-07-02 23:06:15/image_2", "fe2dd3dacc8230a71f9d69456956705f": "/home/infernal/PycharmProjects/AI_Song_Clip_Creator/output/2023-07-02 23:06:15/image_3", "5fa1a65dc148274c0fb4751bf5e57106": "/home/infernal/PycharmProjects/AI_Song_Clip_Creator/output/2023-07-02 23:06:15/image_4", "84696ae7343f663ace3ab76928ae5e05": "/home/infernal/PycharmProjects/AI_Song_Clip_Creator/output/2023-07-02 23:08:00/image_1", "a6d7da6e319acf97d4ec5d149118882c": "/home/infernal/PycharmProjects/AI_Song_Clip_Creator/output/2023-07-02 23:08:00/image_2", "f24e23ecf20eb1dfa41baa9da2608a49": "/home/infernal/PycharmProjects/AI_Song_Clip_Creator/output/2023-07-02 23:08:00/image_3", "6a3870c84060f266965a33f0e7cfed80": "/home/infernal/PycharmProjects/AI_Song_Clip_Creator/output/2023-07-02 23:08:00/image_4", "0d2dfa95317aff383e0c10ac363731b3": "/home/infernal/PycharmProjects/AI_Song_Clip_Creator/output/2023-07-03 00:19:33/image_1", "bdadc6a21bea4264ad99b961a2751dcf": "/home/infernal/PycharmProjects/AI_Song_Clip_Creator/output/2023-07-03 00:19:33/image_2", "ba0dd7bec9dc45da239f3b992a36d6ad": "/home/infernal/PycharmProjects/AI_Song_Clip_Creator/output/2023-07-03 00:19:33/image_3", "404d8d5fda3eb7a3837071446dc92625": "/home/infernal/PycharmProjects/AI_Song_Clip_Creator/output/2023-07-03 00:19:33/image_4", "cb99273254c9a32229db034d024deb60": "/home/infernal/PycharmProjects/AI_Song_Clip_Creator/output/2023-07-03 00:19:33/image_5", "ec43b265c438a7d05bc90748fab57409": "/home/infernal/PycharmProjects/AI_Song_Clip_Creator/output/2023-07-03 00:37:04/image_1", "2b398da5c577a23d709d1e7ea43b3638": "/home/infernal/PycharmProjects/AI_Song_Clip_Creator/output/2023-07-03 00:37:04/image_2", "1f7fa245ad0f4f3751800fb08b4db66c": "/home/infernal/PycharmProjects/AI_Song_Clip_Creator/output/2023-07-03 00:37:04/image_3", "997aaa0eb08f2919eff5603d9a43fd3d": "/home/infernal/PycharmProjects/AI_Song_Clip_Creator/output/2023-07-03 00:37:04/image_4", "0b2d775f25b096dab7b5ec85b88616df": "/home/infernal/PycharmProjects/AI_Song_Clip_Creator/output/2023-07-03 00:37:04/image_5"}}