{"elevenlabs": {"2a27b59ab55c02958ee00bf7d7087b6e": "/home/infernal/PycharmProjects/AI_Content_Creator/output/2023-06-06 19:08:22/audio_1.mp3", "def3f84cb7dc443957d121b0839301f5": "/home/infernal/PycharmProjects/AI_Content_Creator/output/2023-06-06 19:08:22/audio_2.mp3", "f38486ed974592fb5e3768ff2a36b50a": "/home/infernal/PycharmProjects/AI_Content_Creator/output/2023-06-06 19:08:22/audio_3.mp3", "d4310df99787db106db2fff57cac6de2": "/home/infernal/PycharmProjects/AI_Content_Creator/output/2023-06-06 19:31:47/audio_1.mp3", "29f69e1cbaa59f10c742a08ca57270d4": "/home/infernal/PycharmProjects/AI_Content_Creator/output/2023-06-06 19:31:47/audio_2.mp3", "a51a706693494bfc542084e0eb0e3547": "/home/infernal/PycharmProjects/AI_Content_Creator/output/2023-06-06 19:31:47/audio_3.mp3", "24b5472fcbd5a860f4a5da8a8ec2a828": "/home/infernal/PycharmProjects/AI_Content_Creator/output/2023-06-06 21:02:42/audio_1.mp3", "2a1364e875377198371d6248a6056fb3": "/home/infernal/PycharmProjects/AI_Content_Creator/output/2023-06-06 23:58:48/audio_1.mp3", "ac01d9aa413f00d85d6cb0b728457cce": "/home/infernal/PycharmProjects/AI_Content_Creator/output/2023-06-06 23:58:48/audio_2.mp3", "22be145fede6ea221a87e17ae2ed506f": "/home/infernal/PycharmProjects/AI_Content_Creator/output/2023-06-06 23:58:48/audio_3.mp3", "6cb749d7dba038c7eb159aeb41719cf6": "/home/infernal/PycharmProjects/AI_Content_Creator/output/2023-06-06 23:58:48/audio_4.mp3", "8b51f98bd56d08d91e1e58678c7a9b17": "/home/infernal/PycharmProjects/AI_Content_Creator/output/2023-06-06 23:58:48/audio_5.mp3", "7a5451428d25b625ca8be2204fd6a11b": "/home/infernal/PycharmProjects/AI_Content_Creator/output/2023-06-06 23:58:48/audio_6.mp3", "3e9bbc49881d4b06455d749a0ca53b2b": "/home/infernal/PycharmProjects/AI_Content_Creator/output/2023-06-06 23:58:48/audio_7.mp3", "5dbf6841d7613dfdf5d0c90f374f3e4e": "/home/infernal/PycharmProjects/AI_Content_Creator/output/2023-06-07 00:13:33/audio_8.mp3", "7866ce9bd618ab6342f79476a873f201": "/home/infernal/PycharmProjects/AI_Content_Creator/output/2023-06-07 00:13:33/audio_9.mp3", "86a43db66c9d498a6175b51e530a5f56": "/home/infernal/PycharmProjects/AI_Content_Creator/output/2023-06-07 00:13:33/audio_10.mp3", "a142835915f2edab8541f78a1fd31531": "/home/infernal/PycharmProjects/AI_Content_Creator/output/2023-06-07 00:13:33/audio_11.mp3", "1b3f7af3777a2aa629d4d09fa9bdc2d2": "/home/infernal/PycharmProjects/AI_Content_Creator/output/2023-06-07 00:13:33/audio_12.mp3", "853443066fb563f41ce550b690e95a74": "/home/infernal/PycharmProjects/AI_Content_Creator/output/2023-06-07 02:20:46/audio_1.mp3", "393b2cb7c50d6d402a9d4963c9a9cbc8": "/home/infernal/PycharmProjects/AI_Content_Creator/output/2023-06-07 02:20:46/audio_2.mp3", "0ea93ee66bac754c87e2c116b4c34c80": "/home/infernal/PycharmProjects/AI_Content_Creator/output/2023-06-07 02:20:46/audio_3.mp3", "86f10b25b5f2d71a1d8611f2f3717c28": "/home/infernal/PycharmProjects/AI_Content_Creator/output/2023-06-07 02:20:46/audio_4.mp3", "8659fee43c6a8ed9b79f9f48b8537de8": "/home/infernal/PycharmProjects/AI_Content_Creator/output/2023-06-07 02:20:46/audio_5.mp3", "fd92091b67a2407a4b115b2cacae3306": "/home/infernal/PycharmProjects/AI_Content_Creator/output/2023-06-07 02:20:46/audio_6.mp3", "0473352cf409d0fc424dbf9c3aad529c": "/home/infernal/PycharmProjects/AI_Content_Creator/output/2023-06-07 02:20:46/audio_7.mp3", "1310f3a2d24bc11dbc461ccbbc255c2f": "/home/infernal/PycharmProjects/AI_Content_Creator/output/2023-06-07 02:20:46/audio_8.mp3", "53effd4493241e467964bba9787291d2": "/home/infernal/PycharmProjects/AI_Content_Creator/output/2023-06-07 02:20:46/audio_9.mp3", "3af9b8635dd56f70a3d0801be5b0bcef": "/home/infernal/PycharmProjects/AI_Content_Creator/output/2023-06-07 02:20:46/audio_10.mp3", "3033374748d5d5d0c52549def5840d77": "/home/infernal/PycharmProjects/AI_Content_Creator/output/2023-06-07 02:28:11/audio_11.mp3", "1aa414bcc566b40abcbfa7f52bef27b8": "/home/infernal/PycharmProjects/AI_Content_Creator/output/2023-06-07 02:28:11/audio_12.mp3", "9c76f5011f99cd904c2a8f8a373a8541": "/home/infernal/PycharmProjects/AI_Content_Creator/output/2023-06-07 02:28:11/audio_13.mp3", "c1b06a3319f0e476bff11ae6232f71cc": "/home/infernal/PycharmProjects/AI_Content_Creator/output/2023-06-07 02:28:11/audio_14.mp3", "af5ae2aa4e4c9ad486bf0c6833176e73": "/home/infernal/PycharmProjects/AI_Content_Creator/output/2023-06-08 12:37:39/audio_1.mp3", "62e44e6b50981c60da2bdfb0c6a24e26": "/home/infernal/PycharmProjects/AI_Content_Creator/output/2023-06-08 12:37:39/audio_2.mp3", "b89e7ba64a604a9fefc1b927af5f8f60": "/home/infernal/PycharmProjects/AI_Content_Creator/output/2023-06-08 12:37:39/audio_3.mp3", "6d046692176691d1ef97ede2efd0d233": "/home/infernal/PycharmProjects/AI_Content_Creator/output/2023-06-08 12:37:39/audio_4.mp3", "c67e8229c11cd30b7465793e6ba66c6d": "/home/infernal/PycharmProjects/AI_Content_Creator/output/2023-06-08 12:37:39/audio_5.mp3", "948b9fcf2453e3a62a49a744d8936498": "/home/infernal/PycharmProjects/AI_Content_Creator/output/2023-06-08 12:37:39/audio_6.mp3", "9b083474ab7d459183bd1afdcfeeeb5e": "/home/infernal/PycharmProjects/AI_Content_Creator/output/2023-06-08 12:37:39/audio_7.mp3", "6ef4a1c2dd9f0cac587357acf09405f8": "/home/infernal/PycharmProjects/AI_Content_Creator/output/2023-06-08 12:37:39/audio_8.mp3", "441a8cbbecbf6ce594bdbf84092ed464": "/home/infernal/PycharmProjects/AI_Content_Creator/output/2023-06-08 12:37:39/audio_9.mp3", "fd7a286ccad4bac7e9998427b288d657": "/home/infernal/PycharmProjects/AI_Content_Creator/output/2023-06-08 12:37:39/audio_10.mp3", "db69cb22ca52af09ca485e9ac53896d4": "/home/infernal/PycharmProjects/AI_Content_Creator/output/2023-06-08 12:37:39/audio_11.mp3", "e751ae0b4904edce6af3bc54de5401d2": "/home/infernal/PycharmProjects/AI_Content_Creator/output/2023-06-08 12:37:39/audio_12.mp3", "bb024419f5faa6c6610f1a6f88d66bc3": "/home/infernal/PycharmProjects/AI_Content_Creator/output/2023-06-08 12:37:39/audio_13.mp3", "13549c30b7d69cb5ffcf5d9d57ed46ce": "/home/infernal/PycharmProjects/AI_Content_Creator/output/2023-06-08 12:37:39/audio_14.mp3", "9a6aaad1f1ebf51f9c22f54e3cafe7af": "/home/infernal/PycharmProjects/AI_Content_Creator/output/2023-06-08 12:37:39/audio_15.mp3", "21e60b4667fb6e2dc9d1df0019d87cdf": "/home/infernal/PycharmProjects/AI_Content_Creator/output/2023-06-08 12:37:39/audio_16.mp3", "103cfb18bc04591b3ba385313c672fc7": "/home/infernal/PycharmProjects/AI_Content_Creator/output/2023-06-08 14:20:20/audio_2.mp3", "1db0c22ffb57fdd73c3575bb0d8ce44c": "/home/infernal/PycharmProjects/AI_Content_Creator/output/2023-06-08 14:20:20/audio_3.mp3", "84546cd0a4ccdbcc14e6aa36f0a40500": "/home/infernal/PycharmProjects/AI_Content_Creator/output/2023-06-08 14:20:20/audio_16.mp3", "b43c6550142e9d330875f7ac1d364429": "/home/infernal/PycharmProjects/AI_Content_Creator/output/2023-06-08 14:20:20/audio_17.mp3", "e4b711f14fec11c116cc2f89edba1471": "/home/infernal/PycharmProjects/AI_Content_Creator/output/2023-06-08 14:20:20/audio_18.mp3", "be6657bd1ffef5183a37b7f3af01537f": "/home/infernal/PycharmProjects/AI_Content_Creator/output/2023-06-16 01:44:19/audio_1.mp3", "5f6c430a38810eb79c8733b28d31a4bf": "/home/infernal/PycharmProjects/AI_Content_Creator/output/2023-06-16 01:44:19/audio_2.mp3", "bd2eee784ca8e7642faf0185edcdc0be": "/home/infernal/PycharmProjects/AI_Content_Creator/output/2023-06-16 01:44:19/audio_3.mp3", "00d48a1443d48310955f5a317f74efd6": "/home/infernal/PycharmProjects/AI_Content_Creator/output/2023-06-16 01:44:19/audio_4.mp3", "c98d9ea5b43b2f5d95cf5fb0b86b84ad": "/home/infernal/PycharmProjects/AI_Content_Creator/output/2023-06-16 01:44:19/audio_5.mp3", "73745e47657f4de4539aba05184829cb": "/home/infernal/PycharmProjects/AI_Content_Creator/output/2023-06-16 01:44:19/audio_6.mp3", "a99ff349863c1b60829b553e9fb09fcc": "/home/infernal/PycharmProjects/AI_Content_Creator/output/2023-06-16 01:53:37/audio_7.mp3", "fae5bdb162a6c63e6165aef15b9600f7": "/home/infernal/PycharmProjects/AI_Content_Creator/output/2023-06-16 01:53:37/audio_8.mp3", "5f7d3e20f49684ce34b4e2bf3bdefce0": "/home/infernal/PycharmProjects/AI_Content_Creator/output/2023-06-16 01:53:37/audio_9.mp3", "ea4cce9fa91b9e1bdac72ddaf9c72be5": "/home/infernal/PycharmProjects/AI_Content_Creator/output/2023-06-16 01:53:37/audio_10.mp3", "539e4e98d9e7478c8e9c10210cd623d2": "/home/infernal/PycharmProjects/AI_Content_Creator/output/2023-06-16 01:53:37/audio_11.mp3", "c15fde785c5c0f98e234f8032129924b": "/home/infernal/PycharmProjects/AI_Content_Creator/output/2023-06-16 01:53:37/audio_12.mp3", "0da5e023f093831088bb6ab66f6c11e7": "/home/infernal/PycharmProjects/AI_Content_Creator/output/2023-06-16 01:53:37/audio_13.mp3", "f30e68ff3ebbdb0cac82bb8479de2a06": "/home/infernal/PycharmProjects/AI_Content_Creator/output/2023-06-16 01:53:37/audio_14.mp3", "791934c1d626e523c32186d84c6d7eda": "/home/infernal/PycharmProjects/AI_Content_Creator/output/2023-06-16 01:53:37/audio_15.mp3", "37a2473f4195037ed9cd696b296922ae": "/home/infernal/PycharmProjects/AI_Content_Creator/output/2023-06-16 01:53:37/audio_16.mp3", "9be11b5aac8e10cab247bec4e251d416": "/home/infernal/PycharmProjects/AI_Content_Creator/output/2023-06-16 01:53:37/audio_17.mp3", "404b4ccccbfe890b443840496ac4381f": "/home/infernal/PycharmProjects/AI_Content_Creator/output/2023-06-16 03:09:35/audio_1.mp3", "b0ef85c69c22a958338da3f5677f60bd": "/home/infernal/PycharmProjects/AI_Content_Creator/output/2023-06-16 03:09:35/audio_2.mp3", "e207bb668c5c7ff758c1b2e8cee958c0": "/home/infernal/PycharmProjects/AI_Content_Creator/output/2023-06-16 03:09:35/audio_3.mp3", "2c755a805bc9f91b3a3cc9403ef27c16": "/home/infernal/PycharmProjects/AI_Content_Creator/output/2023-06-16 03:09:35/audio_4.mp3", "884b58a667655238b4207d813bf92bfa": "/home/infernal/PycharmProjects/AI_Content_Creator/output/2023-06-16 03:09:35/audio_5.mp3", "f150a8188f87dcee237ef632bce24198": "/home/infernal/PycharmProjects/AI_Content_Creator/output/2023-06-16 03:09:35/audio_6.mp3", "31132b1cffabcc9a2019910aad24b8af": "/home/infernal/PycharmProjects/AI_Content_Creator/output/2023-06-16 03:09:35/audio_7.mp3", "979cefd914746b744cb6a5ce77e90b13": "/home/infernal/PycharmProjects/AI_Content_Creator/output/2023-06-16 03:09:35/audio_8.mp3", "dab30f88a4e965d7078a5a7650f0a147": "/home/infernal/PycharmProjects/AI_Content_Creator/output/2023-06-16 03:09:35/audio_9.mp3", "f500334fc91c08d8180f7aa61e12d415": "/home/infernal/PycharmProjects/AI_Content_Creator/output/2023-06-16 03:09:35/audio_10.mp3", "3a1107b74165f2045876472c83543668": "/home/infernal/PycharmProjects/AI_Content_Creator/output/2023-06-16 03:09:35/audio_11.mp3", "53a3fcfd95f87b35a65828e5315b57aa": "/home/infernal/PycharmProjects/AI_Content_Creator/output/2023-06-16 03:09:35/audio_12.mp3", "446292fef93047dd10f59addbe19a7db": "/home/infernal/PycharmProjects/AI_Content_Creator/output/2023-06-16 03:09:35/audio_13.mp3", "cad41ba47228e5a43b38047333d7ad4e": "/home/infernal/PycharmProjects/AI_Content_Creator/output/2023-06-16 03:09:35/audio_14.mp3", "4e7ca8bfbde5f8df4f6b40fbae209e77": "/home/infernal/PycharmProjects/AI_Content_Creator/output/2023-06-16 03:09:35/audio_15.mp3", "ac64083b9df1345f56a69455b0fe6259": "/home/infernal/PycharmProjects/AI_Content_Creator/output/2023-06-16 03:09:35/audio_16.mp3", "14a01e263c4a88d1f3897f740d392bd0": "/home/infernal/PycharmProjects/AI_Content_Creator/output/2023-06-16 03:09:35/audio_17.mp3", "19c585ab6ca49cd9b4b510a38a92229a": "/home/infernal/PycharmProjects/AI_Content_Creator/output/2023-06-16 03:09:35/audio_18.mp3", "e4c9a0dac478e1c77431d37735ea7e19": "/home/infernal/PycharmProjects/AI_Content_Creator/output/2023-06-16 03:09:35/audio_19.mp3", "a9df56087cdf6bf63746518cdb950e8d": "/home/infernal/PycharmProjects/AI_Content_Creator/output/2023-06-16 03:09:35/audio_20.mp3", "7fef634d8d370cbcd312ec960ea23dd9": "/home/infernal/PycharmProjects/AI_Content_Creator/output/2023-06-16 10:02:56/audio_21.mp3", "790fad631b7784bd13b4a5462e43dab9": "/home/infernal/PycharmProjects/AI_Content_Creator/output/2023-06-16 10:02:56/audio_22.mp3", "3f048ca2d07dacd174f14dd8be41b68e": "/home/infernal/PycharmProjects/AI_Content_Creator/output/2023-06-16 10:02:56/audio_23.mp3", "abf468c2e1431afd9f589dec73a2974b": "/home/infernal/PycharmProjects/AI_Content_Creator/output/2023-06-16 10:02:56/audio_24.mp3", "461b2228b06995fabda5e47d5ab4ddd7": "/home/infernal/PycharmProjects/AI_Content_Creator/output/2023-06-16 10:02:56/audio_25.mp3", "0304e36f803595e96431fd7b38777a9e": "/home/infernal/PycharmProjects/AI_Content_Creator/output/2023-06-16 10:02:56/audio_26.mp3", "3c9c9d2edb262466d98b8b6c0142065c": "/home/infernal/PycharmProjects/AI_Content_Creator/output/2023-06-16 10:02:56/audio_27.mp3", "861a2846292bbe4e8b71d940c2e6212e": "/home/infernal/PycharmProjects/AI_Content_Creator/output/2023-06-16 10:02:56/audio_28.mp3", "67684b19b824b7bf51341576a6031a88": "/home/infernal/PycharmProjects/AI_Content_Creator/output/2023-06-16 10:02:56/audio_29.mp3", "54a1984bcd2e2c0ac82bfc2c6af23cab": "/home/infernal/PycharmProjects/AI_Content_Creator/output/2023-06-16 10:02:56/audio_30.mp3", "ffe344a945b7d17f7a33b54c0f6f920f": "/home/infernal/PycharmProjects/AI_Content_Creator/output/2023-06-16 10:02:56/audio_31.mp3", "4c3d8c8ba831f9ddd38ba26d81392724": "/home/infernal/PycharmProjects/AI_Content_Creator/output/2023-06-16 10:02:56/audio_32.mp3", "17ea9007526ef84c1110132f730aaa77": "/home/infernal/PycharmProjects/AI_Content_Creator/output/2023-06-16 10:02:56/audio_33.mp3", "3f8da07f8f114b359dbc1568c3ec05f8": "/home/infernal/PycharmProjects/AI_Content_Creator/output/2023-06-16 10:02:56/audio_34.mp3", "0fc19e5e68193e90f31e09c9be840201": "/home/infernal/PycharmProjects/AI_Content_Creator/output/2023-06-16 10:02:56/audio_35.mp3", "b64fe644f79f323ecf8b443650876d66": "/home/infernal/PycharmProjects/AI_Content_Creator/output/2023-06-16 13:17:41/audio_1.mp3", "471692afd24be0b80d207a39e06c8300": "/home/infernal/PycharmProjects/AI_Content_Creator/output/2023-06-16 13:17:41/audio_2.mp3", "232a12db22a68903b3e61af8100a09dd": "/home/infernal/PycharmProjects/AI_Content_Creator/output/2023-06-16 13:17:41/audio_3.mp3", "c976f3e4721123af51f333c3e048f3df": "/home/infernal/PycharmProjects/AI_Content_Creator/output/2023-06-16 13:17:41/audio_4.mp3", "6c248620efaf3fc67aa507120e522b9c": "/home/infernal/PycharmProjects/AI_Content_Creator/output/2023-06-16 13:17:41/audio_5.mp3", "b16ada6d2f54365366c41f530cff4a5c": "/home/infernal/PycharmProjects/AI_Content_Creator/output/2023-06-16 13:17:41/audio_6.mp3", "e7aa6079977154f7aa8eb3212eaa74c0": "/home/infernal/PycharmProjects/AI_Content_Creator/output/2023-06-16 13:17:41/audio_7.mp3", "0594cb593dea822f7e0ce62dda49866f": "/home/infernal/PycharmProjects/AI_Content_Creator/output/2023-06-16 13:17:41/audio_8.mp3", "6e5068b4e72cc474c4e64d47c8f6c3c5": "/home/infernal/PycharmProjects/AI_Content_Creator/output/2023-06-16 13:17:41/audio_9.mp3", "5314f024224a75002d06fd1ff7eb38ad": "/home/infernal/PycharmProjects/AI_Content_Creator/output/2023-06-16 13:17:41/audio_10.mp3", "546b32ca3bf3f8a9ca645be8730c8e94": "/home/infernal/PycharmProjects/AI_Content_Creator/output/2023-06-16 13:17:41/audio_11.mp3", "c0ad6b79d7c325d645c999207589ab31": "/home/infernal/PycharmProjects/AI_Content_Creator/output/2023-06-16 13:17:41/audio_12.mp3", "fcaf95807b34e80a278db526672182af": "/home/infernal/PycharmProjects/AI_Content_Creator/output/2023-06-16 13:17:41/audio_13.mp3", "f5b2c969ce90d1a9b5402c7f4da085f4": "/home/infernal/PycharmProjects/AI_Content_Creator/output/2023-06-16 13:17:41/audio_14.mp3", "99c3f54b3714a43a3091eb8b74eb6c86": "/home/infernal/PycharmProjects/AI_Content_Creator/output/2023-06-16 13:17:41/audio_15.mp3", "aca81c81474361f36f16ce5ec15903e8": "/home/infernal/PycharmProjects/AI_Content_Creator/output/2023-06-16 13:17:41/audio_16.mp3", "b869d18c1a7e048f87ac1f33ac3b8e09": "/home/infernal/PycharmProjects/AI_Content_Creator/output/2023-06-16 13:17:41/audio_17.mp3", "13f793dc388befec05a73f8f47ca7a2e": "/home/infernal/PycharmProjects/AI_Content_Creator/output/2023-06-16 13:17:41/audio_18.mp3", "5d9d9eb69a40bf5ab7bae9c8a572c9bd": "/home/infernal/PycharmProjects/AI_Content_Creator/output/2023-06-16 13:17:41/audio_19.mp3", "859cf0eb2baee1436e4970446e6fe7b1": "/home/infernal/PycharmProjects/AI_Content_Creator/output/2023-06-16 13:17:41/audio_20.mp3", "677b7b382a76c1832137ce78a9e22632": "/home/infernal/PycharmProjects/AI_Content_Creator/output/2023-06-16 13:17:41/audio_21.mp3", "c7ecd0b4367b4bd078d533bc99be38a7": "/home/infernal/PycharmProjects/AI_Content_Creator/output/2023-06-16 13:17:41/audio_22.mp3", "cae2f59e4ae94e13bbe27e0ccfb6e488": "/home/infernal/PycharmProjects/AI_Content_Creator/output/2023-06-16 13:17:41/audio_23.mp3", "d09c642924ecbed80b0f1d2fc4d3ffa4": "/home/infernal/PycharmProjects/AI_Content_Creator/output/2023-06-16 13:17:41/audio_24.mp3", "64a3b9fafa6a64ae32d4e5dcb4a71ee0": "/home/infernal/PycharmProjects/AI_Content_Creator/output/2023-06-16 13:17:41/audio_25.mp3", "6454ae842b4c18b18317a8c1600f81d1": "/home/infernal/PycharmProjects/AI_Content_Creator/output/2023-06-16 13:17:41/audio_26.mp3", "bd910329a403f8fabbc77905fc0c3a64": "/home/infernal/PycharmProjects/AI_Content_Creator/output/2023-06-16 13:17:41/audio_27.mp3", "063f5b967ed337af0b68cefff1b896fc": "/home/infernal/PycharmProjects/AI_Content_Creator/output/2023-06-16 13:17:41/audio_28.mp3", "12be1ddb7ffeb30eaf581bec20b9c76c": "/home/infernal/PycharmProjects/AI_Content_Creator/output/2023-06-16 13:17:41/audio_29.mp3", "fe29185ecdea1af8eadc05de410db363": "/home/infernal/PycharmProjects/AI_Content_Creator/output/2023-06-16 13:17:41/audio_30.mp3", "f9def45c0a4fcdfe2529c67a55585e2f": "/home/infernal/PycharmProjects/AI_Content_Creator/output/2023-06-16 13:17:41/audio_31.mp3", "e8546046484c47859a6b4ef2aa44779e": "/home/infernal/PycharmProjects/AI_Content_Creator/output/2023-06-16 13:17:41/audio_32.mp3", "ee795252c21e2145c0caeab5adf8436d": "/home/infernal/PycharmProjects/AI_Content_Creator/output/2023-06-16 13:17:41/audio_33.mp3", "12e033c89f35c9317038062a45493850": "/home/infernal/PycharmProjects/AI_Content_Creator/output/2023-06-16 13:54:20/audio_1.mp3", "d895cf1d3514a30a0850c2ab00fad466": "/home/infernal/PycharmProjects/AI_Content_Creator/output/2023-06-16 23:52:49/audio_1.mp3", "70d19379b4ac202a642fc1a95932f7ad": "/home/infernal/PycharmProjects/AI_Content_Creator/output/2023-06-16 23:52:49/audio_2.mp3", "93f642e1f5eab97440ab73f08da7eef4": "/home/infernal/PycharmProjects/AI_Content_Creator/output/2023-06-16 23:52:49/audio_3.mp3", "353cb609a0c9ab9c3cf9ea5dec3928a6": "/home/infernal/PycharmProjects/AI_Content_Creator/output/2023-06-16 23:52:49/audio_4.mp3", "77aa69cdabc261b89a9dae3456a3ef0e": "/home/infernal/PycharmProjects/AI_Content_Creator/output/2023-06-16 23:52:49/audio_5.mp3", "3a6e3e60b81a4d283c8ff335033d461a": "/home/infernal/PycharmProjects/AI_Content_Creator/output/2023-06-17 00:00:44/audio_1.mp3", "56f8f902f5a7eefe400e5d4b93dc09dc": "/home/infernal/PycharmProjects/AI_Content_Creator/output/2023-06-17 00:00:44/audio_2.mp3", "fd58115c06a577f9f64fa385b90bd1fb": "/home/infernal/PycharmProjects/AI_Content_Creator/output/2023-06-17 00:00:44/audio_3.mp3", "dfe69f6cb9d3b0792939aa71a1f194ba": "/home/infernal/PycharmProjects/AI_Content_Creator/output/2023-06-17 00:00:44/audio_4.mp3", "4369f0cc9c1d533071106ab4ebc334b4": "/home/infernal/PycharmProjects/AI_Content_Creator/output/2023-06-17 00:00:44/audio_5.mp3", "a5d8e525b38ed291a260532d8768b372": "/home/infernal/PycharmProjects/AI_Content_Creator/output/2023-06-17 00:05:21/audio_1.mp3", "38b667e14be257e5abe2a8aa8ad89cf0": "/home/infernal/PycharmProjects/AI_Content_Creator/output/2023-06-17 00:05:21/audio_2.mp3", "91aa9898c79c924b7d5caf583bbf7a68": "/home/infernal/PycharmProjects/AI_Content_Creator/output/2023-06-17 00:05:21/audio_3.mp3", "8a89d9f8347637f28d5f9345830d6db7": "/home/infernal/PycharmProjects/AI_Content_Creator/output/2023-06-17 00:05:21/audio_4.mp3", "3f021bc259cf1c0e53f4d59f7f6c7a9a": "/home/infernal/PycharmProjects/AI_Content_Creator/output/2023-06-17 00:05:21/audio_5.mp3", "a91f915e326cd41f95ae50a238fee949": "/home/infernal/PycharmProjects/AI_Content_Creator/output/2023-06-17 00:05:21/audio_6.mp3", "7af4c1ad38d4f32ea7d09a4026c1156e": "/home/infernal/PycharmProjects/AI_Content_Creator/output/2023-06-17 00:09:31/audio_6.mp3", "05f62381a0a7d5b6634248c122fbc826": "/home/infernal/PycharmProjects/AI_Content_Creator/output/2023-06-17 00:09:31/audio_7.mp3", "af0b00459206eb5aa5466f274d6da754": "/home/infernal/PycharmProjects/AI_Content_Creator/output/2023-06-17 00:16:03/audio_1.mp3", "9df66d5b7532f1da79b53ad0b1d19544": "/home/infernal/PycharmProjects/AI_Content_Creator/output/2023-06-17 00:16:03/audio_2.mp3", "132b5043c7289d7b1d29108a07d9faf4": "/home/infernal/PycharmProjects/AI_Content_Creator/output/2023-06-17 00:16:03/audio_3.mp3", "61e4cd58d74f078956cb71cb79f0657c": "/home/infernal/PycharmProjects/AI_Content_Creator/output/2023-06-17 00:16:03/audio_4.mp3", "ee83853d5e7d777fe0d1255df3b493b2": "/home/infernal/PycharmProjects/AI_Content_Creator/output/2023-06-17 00:16:03/audio_5.mp3", "1ba730bef19234e934f42a65b7f9942c": "/home/infernal/PycharmProjects/AI_Content_Creator/output/2023-06-17 00:16:03/audio_6.mp3", "d14cd59d382eba786b5eca7d53140028": "/home/infernal/PycharmProjects/AI_Content_Creator/output/2023-06-17 00:16:03/audio_7.mp3", "93c56c6dd7b0fb8b977f96119af3b3b5": "/home/infernal/PycharmProjects/AI_Content_Creator/output/2023-06-17 00:19:15/audio_1.mp3", "cca977d929e6c3f3f57f8957b473e8d1": "/home/infernal/PycharmProjects/AI_Content_Creator/output/2023-06-17 00:19:15/audio_2.mp3", "ba1c6bbde4d43cef16f95c5443f6d1b0": "/home/infernal/PycharmProjects/AI_Content_Creator/output/2023-06-17 00:19:15/audio_3.mp3", "8d026ac5d8533c5daa13f7eccbc492dc": "/home/infernal/PycharmProjects/AI_Content_Creator/output/2023-06-17 00:19:15/audio_4.mp3", "7215991c462d2278ef8828d83e6fb99e": "/home/infernal/PycharmProjects/AI_Content_Creator/output/2023-06-17 00:19:15/audio_5.mp3", "7fa0cea2fa9e608739f124af01c7b4ef": "/home/infernal/PycharmProjects/AI_Content_Creator/output/2023-06-17 00:19:15/audio_6.mp3", "3773c129d71bc843e8c987a8ae185447": "/home/infernal/PycharmProjects/AI_Content_Creator/output/2023-06-17 00:19:15/audio_7.mp3", "678342813bf487feeb2c7376c1cd2884": "/home/infernal/PycharmProjects/AI_Content_Creator/output/2023-06-17 00:19:15/audio_8.mp3", "dbab0e231824d090cb9b836828294934": "/home/infernal/PycharmProjects/AI_Content_Creator/output/2023-06-17 00:23:48/audio_1.mp3", "52b0477b91f0a8003bc0a0d081218b74": "/home/infernal/PycharmProjects/AI_Content_Creator/output/2023-06-17 00:23:48/audio_2.mp3", "245031e1c79092d4076ea23f7c106d6d": "/home/infernal/PycharmProjects/AI_Content_Creator/output/2023-06-17 00:23:48/audio_3.mp3", "a0189c89af135fd0d4670ae452507bad": "/home/infernal/PycharmProjects/AI_Content_Creator/output/2023-06-17 00:23:48/audio_4.mp3", "767aad9e37e350a671761a9fc0a7ea78": "/home/infernal/PycharmProjects/AI_Content_Creator/output/2023-06-17 00:23:48/audio_5.mp3", "88c5799ff3c48769532e90e8c75a03b0": "/home/infernal/PycharmProjects/AI_Content_Creator/output/2023-06-17 00:23:48/audio_6.mp3", "c042f72a7a6f964ad9b6bcad12e1cd4a": "/home/infernal/PycharmProjects/AI_Content_Creator/output/2023-06-17 00:31:50/audio_1.mp3", "b85be0d37001b2baaec95a561691232a": "/home/infernal/PycharmProjects/AI_Content_Creator/output/2023-06-17 00:31:50/audio_2.mp3", "5a6f05c6bede874e76d135204ebb7e9d": "/home/infernal/PycharmProjects/AI_Content_Creator/output/2023-06-17 00:31:50/audio_3.mp3", "6ffe1bd428b61281b0e9e02e5698f198": "/home/infernal/PycharmProjects/AI_Content_Creator/output/2023-06-17 00:31:50/audio_4.mp3", "759265a25dcfc88f29bd0e95fb710591": "/home/infernal/PycharmProjects/AI_Content_Creator/output/2023-06-17 00:31:50/audio_5.mp3", "55f24336979ecc211cff1d6bdcd9356f": "/home/infernal/PycharmProjects/AI_Content_Creator/output/2023-06-17 00:31:50/audio_6.mp3", "8799f78ff2cca458b814652f6ca612d1": "/home/infernal/PycharmProjects/AI_Content_Creator/output/2023-06-17 00:31:50/audio_7.mp3", "c1b106ff1b8fe1a19c1c36a2cb5307b0": "/home/infernal/PycharmProjects/AI_Content_Creator/output/2023-06-17 00:31:50/audio_8.mp3", "9abdf74b06252ef8e8de3ee2e44751f5": "/home/infernal/PycharmProjects/AI_Content_Creator/output/2023-06-17 00:34:56/audio_1.mp3", "de85ee1c880e4e8ba213f2b656345acc": "/home/infernal/PycharmProjects/AI_Content_Creator/output/2023-06-17 00:34:56/audio_2.mp3", "d04c6b1271ac0f098ab1f94618bf8fc2": "/home/infernal/PycharmProjects/AI_Content_Creator/output/2023-06-17 00:34:56/audio_3.mp3", "cef79722c66e9b781e48b08b6379a647": "/home/infernal/PycharmProjects/AI_Content_Creator/output/2023-06-17 00:34:56/audio_4.mp3", "3a4736c31d761bf5ee24cd9db9aae860": "/home/infernal/PycharmProjects/AI_Content_Creator/output/2023-06-17 00:34:56/audio_5.mp3", "334d378bc6e0c91625675ba24f27b79b": "/home/infernal/PycharmProjects/AI_Content_Creator/output/2023-06-17 00:34:56/audio_6.mp3", "b8eea022f3e43f8859dcb360be77cacb": "/home/infernal/PycharmProjects/AI_Content_Creator/output/2023-06-17 13:56:18/audio_1.mp3", "1b5ba95fa5690f1187bf4f8de5925b17": "/home/infernal/PycharmProjects/AI_Content_Creator/output/2023-06-17 13:56:18/audio_2.mp3", "dcb7018690d6ae6ce8d6a5669e5284ba": "/home/infernal/PycharmProjects/AI_Content_Creator/output/2023-06-17 13:56:18/audio_3.mp3", "c00edd6d385aad505715671e16e89d10": "/home/infernal/PycharmProjects/AI_Content_Creator/output/2023-06-17 13:56:18/audio_4.mp3", "b90432228b7970c4361070d5d27ea827": "/home/infernal/PycharmProjects/AI_Content_Creator/output/2023-06-17 13:56:18/audio_5.mp3", "805e1908484402ab8f3ef8a08676bffa": "/home/infernal/PycharmProjects/AI_Content_Creator/output/2023-06-17 14:07:15/audio_1.mp3", "fda3cb6d459230f97f8b8863855859ea": "/home/infernal/PycharmProjects/AI_Content_Creator/output/2023-06-17 14:07:15/audio_2.mp3", "38f81ea912255435d39f1b5a9a6f85ab": "/home/infernal/PycharmProjects/AI_Content_Creator/output/2023-06-17 14:07:15/audio_3.mp3", "fde69eb749fa0d0e0c363347430c01fd": "/home/infernal/PycharmProjects/AI_Content_Creator/output/2023-06-17 14:07:15/audio_4.mp3", "3d5fb6ac4788dbe478bd7f55018509bb": "/home/infernal/PycharmProjects/AI_Content_Creator/output/2023-06-17 14:12:07/audio_1.mp3", "bdf40aed83b62fecb5291984e4fcaae7": "/home/infernal/PycharmProjects/AI_Content_Creator/output/2023-06-17 14:12:07/audio_2.mp3", "d41d8cd98f00b204e9800998ecf8427e": "/home/infernal/PycharmProjects/AI_Content_Creator/output/2023-06-17 14:12:07/audio_3.mp3", "7ce33ae13dfe47c097001be0893c91c7": "/home/infernal/PycharmProjects/AI_Content_Creator/output/2023-06-17 14:12:07/audio_4.mp3", "7458a5717def5d363c31beaf899d2f74": "/home/infernal/PycharmProjects/AI_Content_Creator/output/2023-06-17 14:12:07/audio_5.mp3", "e73c4e7deba2e252fdadd06620e8168a": "/home/infernal/PycharmProjects/AI_Content_Creator/output/2023-06-17 14:12:07/audio_7.mp3", "5647bc58193082ef9672ed6efc62cfcf": "/home/infernal/PycharmProjects/AI_Content_Creator/output/2023-06-17 14:12:07/audio_8.mp3", "30cba31763e7672720fb18ee92d63370": "/home/infernal/PycharmProjects/AI_Content_Creator/output/2023-06-17 14:12:07/audio_9.mp3", "f1ba5ed8d120153a58ca1ac40c9d1dad": "/home/infernal/PycharmProjects/AI_Content_Creator/output/2023-06-18 19:17:23/audio_1.mp3", "dde140b30a495a64919ea0042e3c5787": "/home/infernal/PycharmProjects/AI_Content_Creator/output/2023-06-18 19:17:23/audio_2.mp3", "9ec8b800f59d19c05d08083e099aec0a": "/home/infernal/PycharmProjects/AI_Content_Creator/output/2023-06-18 19:17:23/audio_3.mp3", "bee44680a8401247cd7935922a210910": "/home/infernal/PycharmProjects/AI_Content_Creator/output/2023-06-18 19:17:23/audio_5.mp3", "805f057c1d5fdfecb70f025f1607d9d6": "/home/infernal/PycharmProjects/AI_Content_Creator/output/2023-06-18 19:17:23/audio_6.mp3", "4db1c06211bdbc715d6e62e8f0b0dd41": "/home/infernal/PycharmProjects/AI_Content_Creator/output/2023-06-18 19:17:23/audio_7.mp3", "9e8758f4b7473f88cb652542df0696df": "/home/infernal/PycharmProjects/AI_Content_Creator/output/2023-06-18 19:17:23/audio_9.mp3", "ae212ce393c272d79228d3780efdfe28": "/home/infernal/PycharmProjects/AI_Content_Creator/output/2023-06-18 19:17:23/audio_10.mp3", "18a0f585fcd38fabb1b18bb980e4f5c7": "/home/infernal/PycharmProjects/AI_Content_Creator/output/2023-06-18 19:17:23/audio_11.mp3", "81fb4b75f6d4bfc249a4216f45674068": "/home/infernal/PycharmProjects/AI_Content_Creator/output/2023-06-18 19:17:23/audio_12.mp3", "61eb329a8cc9ed975378a40e21b18c5f": "/home/infernal/PycharmProjects/AI_Content_Creator/output/2023-06-18 19:17:23/audio_13.mp3", "f5681de9db32699bd828563f7970edc4": "/home/infernal/PycharmProjects/AI_Content_Creator/output/2023-06-18 20:34:09/audio_1.mp3", "eabf81a9e68702c7d0477d89ec336156": "/home/infernal/PycharmProjects/AI_Content_Creator/output/2023-06-18 20:34:09/audio_2.mp3", "66780fc18dffd92bf1d52daf378cf0ea": "/home/infernal/PycharmProjects/AI_Content_Creator/output/2023-06-18 20:43:28/audio_1.mp3", "03c50f7e8d6816abc58c1145ab14372e": "/home/infernal/PycharmProjects/AI_Content_Creator/output/2023-06-18 20:43:28/audio_2.mp3", "6a2b681a2ebf00680ed0b6ec3e4ced4f": "/home/infernal/PycharmProjects/AI_Content_Creator/output/2023-06-18 20:43:28/audio_3.mp3", "2ae4f467bb9ef12baab3ee94b06b8704": "/home/infernal/PycharmProjects/AI_Content_Creator/output/2023-06-18 20:43:28/audio_4.mp3", "aca9d3e1b0662c7c764fee0809bccba0": "/home/infernal/PycharmProjects/AI_Content_Creator/output/2023-06-18 20:43:28/audio_5.mp3", "b2eb8c4016467dc5078b3e42c9088d32": "/home/infernal/PycharmProjects/AI_Content_Creator/output/2023-06-18 20:43:28/audio_6.mp3", "086773bd0664f03e4ebfd44c9bbd4cea": "/home/infernal/PycharmProjects/AI_Content_Creator/output/2023-06-18 20:43:28/audio_7.mp3", "a22d44a6d0c257a28b206501dca55926": "/home/infernal/PycharmProjects/AI_Content_Creator/output/2023-06-18 20:43:28/audio_8.mp3", "b5727aa7397a36ae9a043d0f50072660": "/home/infernal/PycharmProjects/AI_Content_Creator/output/2023-06-18 20:43:28/audio_9.mp3", "62d0bd46b572e3f51d291eddbb0bdee7": "/home/infernal/PycharmProjects/AI_Content_Creator/output/2023-06-18 20:53:19/audio_4.mp3", "9ed10991cae6028c3a201d9c97cb8887": "/home/infernal/PycharmProjects/AI_Content_Creator/output/2023-06-18 20:53:19/audio_10.mp3", "ceb0f76785864232b5c2817320348f8f": "/home/infernal/PycharmProjects/AI_Content_Creator/output/2023-06-18 20:53:19/audio_11.mp3", "ac2598ad89e74aafe312c85d3b6a9b2c": "/home/infernal/PycharmProjects/AI_Content_Creator/output/2023-06-18 20:53:19/audio_12.mp3", "3bb613843cb5aa67276d9964495fdbeb": "/home/infernal/PycharmProjects/AI_Content_Creator/output/2023-06-18 20:53:19/audio_13.mp3", "fc72804708be58c3ba63b99a21962d78": "/home/infernal/PycharmProjects/AI_Content_Creator/output/2023-06-18 20:53:19/audio_14.mp3", "4963915cb95e9da456909802d185c4ab": "/home/infernal/PycharmProjects/AI_Content_Creator/output/2023-06-18 20:53:19/audio_15.mp3", "719f86ec0798893e3e9411fdafdf453a": "/home/infernal/PycharmProjects/AI_Content_Creator/output/2023-06-18 20:53:19/audio_16.mp3", "92714f3a21d766beab09a7a0eba2a44c": "/home/infernal/PycharmProjects/AI_Content_Creator/output/2023-06-18 21:08:55/audio_1.mp3", "36e670b8b20baddb3a471849abe20943": "/home/infernal/PycharmProjects/AI_Content_Creator/output/2023-06-18 21:08:55/audio_2.mp3", "ce1dd06df77ae655b91e0983de06a3d2": "/home/infernal/PycharmProjects/AI_Content_Creator/output/2023-06-18 21:08:55/audio_3.mp3", "258a71c26c0372ba92205320d3f62c96": "/home/infernal/PycharmProjects/AI_Content_Creator/output/2023-06-18 21:08:55/audio_4.mp3", "1434f2da311ba5b100d0eb5ab97783eb": "/home/infernal/PycharmProjects/AI_Content_Creator/output/2023-06-18 21:08:55/audio_5.mp3", "47c1402ecd87613a9455c1ffa1afdcd0": "/home/infernal/PycharmProjects/AI_Content_Creator/output/2023-06-18 21:21:08/audio_1.mp3", "84cbfde7002ba89059dae1a638f92269": "/home/infernal/PycharmProjects/AI_Content_Creator/output/2023-06-18 21:21:08/audio_2.mp3", "48036dfc34635e5e959bc32140500ce2": "/home/infernal/PycharmProjects/AI_Content_Creator/output/2023-06-18 21:21:08/audio_3.mp3", "9d46b8feb21fa8d6a86fe2cc21e24145": "/home/infernal/PycharmProjects/AI_Content_Creator/output/2023-06-19 10:41:46/audio_1.mp3", "13472c0e94497c6ac60edaf9c9557213": "/home/infernal/PycharmProjects/AI_Content_Creator/output/2023-06-19 10:41:46/audio_2.mp3", "d7596b54e77d24f25abbadf3ae0791fa": "/home/infernal/PycharmProjects/AI_Content_Creator/output/2023-06-19 10:41:46/audio_3.mp3", "4a07e7596e455e9c609d61516a454c62": "/home/infernal/PycharmProjects/AI_Content_Creator/output/2023-06-19 10:41:46/audio_4.mp3", "18f188467e32dc4125f15a3f2ed5f780": "/home/infernal/PycharmProjects/AI_Content_Creator/output/2023-06-19 10:41:46/audio_5.mp3", "fe4248a508409bef7c97196aaa1bbcc0": "/home/infernal/PycharmProjects/AI_Content_Creator/output/2023-06-19 10:58:27/audio_1.mp3", "8389f01705dbde28da08f4935e67f0f9": "/home/infernal/PycharmProjects/AI_Content_Creator/output/2023-06-19 10:58:27/audio_2.mp3", "a6e4a43bcaf0d89d68094318e580c245": "/home/infernal/PycharmProjects/AI_Content_Creator/output/2023-06-19 10:58:27/audio_3.mp3", "ff3304ae3e703cfb0f6a407fea34a663": "/home/infernal/PycharmProjects/AI_Content_Creator/output/2023-06-19 10:58:27/audio_4.mp3", "3eb8a6599b712d6857189f1167bca529": "/home/infernal/PycharmProjects/AI_Content_Creator/output/2023-06-19 10:58:27/audio_5.mp3", "611b98f5b3fd49f0754d27343b0b825e": "/home/infernal/PycharmProjects/AI_Content_Creator/output/2023-06-19 10:58:27/audio_6.mp3", "e7a0df124366c06320b5265da7738501": "/home/infernal/PycharmProjects/AI_Content_Creator/output/2023-06-19 11:19:55/audio_1.mp3", "1cecbc9507793fa68c49a323c5180b7b": "/home/infernal/PycharmProjects/AI_Content_Creator/output/2023-06-19 11:19:55/audio_2.mp3", "5ae55664be5e35aae62f594c0b6ce1b0": "/home/infernal/PycharmProjects/AI_Content_Creator/output/2023-06-19 11:19:55/audio_3.mp3", "55cff5092bea6fcfda4564567c7ba28b": "/home/infernal/PycharmProjects/AI_Content_Creator/output/2023-06-19 11:19:55/audio_4.mp3", "4953ec6c786f96d0c1036ddeac81230e": "/home/infernal/PycharmProjects/AI_Content_Creator/output/2023-06-19 11:19:55/audio_5.mp3", "83c1897fe2d2a6723c141640153457ef": "/home/infernal/PycharmProjects/AI_Content_Creator/output/2023-06-19 11:19:55/audio_6.mp3", "3667f8f2b8d990561676835d8df99ea6": "/home/infernal/PycharmProjects/AI_Content_Creator/output/2023-06-19 11:19:55/audio_7.mp3", "4ec9b2beac00b235158abf887ff7596d": "/home/infernal/PycharmProjects/AI_Content_Creator/output/2023-06-19 11:26:23/audio_7.mp3", "f8e72610119814313fe272c172549097": "/home/infernal/PycharmProjects/AI_Content_Creator/output/2023-06-19 11:30:26/audio_1.mp3", "4dfa90f0322a23048e58be0f922209e0": "/home/infernal/PycharmProjects/AI_Content_Creator/output/2023-06-19 11:30:26/audio_2.mp3", "9dd0f23f1fba4948ad08467d75608bde": "/home/infernal/PycharmProjects/AI_Content_Creator/output/2023-06-19 11:30:26/audio_3.mp3", "83c14262edfe77d5f1a0dc9380dd80d8": "/home/infernal/PycharmProjects/AI_Content_Creator/output/2023-06-19 11:30:26/audio_4.mp3", "f216831d2389ab62f78c7db37944d893": "/home/infernal/PycharmProjects/AI_Content_Creator/output/2023-06-19 11:30:26/audio_6.mp3", "81e283e8d5ffa6e097fa9f142d08e06a": "/home/infernal/PycharmProjects/AI_Content_Creator/output/2023-06-19 11:30:26/audio_7.mp3", "283d4fd855832b2a7fcd540947c4cdd1": "/home/infernal/PycharmProjects/AI_Content_Creator/output/2023-06-19 11:30:26/audio_8.mp3", "e1e7bebcc8c04e0c3d1cc83517d98c11": "/home/infernal/PycharmProjects/AI_Content_Creator/output/2023-06-19 11:30:26/audio_10.mp3", "d878a1e1b206384ccc262f2080c1f5a2": "/home/infernal/PycharmProjects/AI_Content_Creator/output/2023-06-19 11:44:52/audio_1.mp3", "85fb3e8f1e5640f5de522a299b5299ca": "/home/infernal/PycharmProjects/AI_Content_Creator/output/2023-06-19 11:44:52/audio_2.mp3", "1c266d76366fbcb56e6d22a85355b041": "/home/infernal/PycharmProjects/AI_Content_Creator/output/2023-06-19 11:44:52/audio_3.mp3", "ce0edb21a2af8d21d8df6cb1a57c6702": "/home/infernal/PycharmProjects/AI_Content_Creator/output/2023-06-19 11:44:52/audio_4.mp3", "62d0b1baa2c4a55eaf044b3023bec03d": "/home/infernal/PycharmProjects/AI_Content_Creator/output/2023-06-19 11:44:52/audio_5.mp3", "85082ae53511d44e4191b43262dc11df": "/home/infernal/PycharmProjects/AI_Content_Creator/output/2023-06-19 11:44:52/audio_6.mp3", "3585ade76464e1648cde7223c9249fa9": "/home/infernal/PycharmProjects/AI_Content_Creator/output/2023-06-19 11:44:52/audio_7.mp3", "3d9db003f8365717621d61eb3cd9333d": "/home/infernal/PycharmProjects/AI_Content_Creator/output/2023-06-19 11:50:16/audio_7.mp3", "808046f5a015612b2b2e30221e2a3f72": "/home/infernal/PycharmProjects/AI_Content_Creator/output/2023-06-21 00:43:13/audio_1.mp3", "8bc8aac34862c9c46d1a353b5d344e46": "/home/infernal/PycharmProjects/AI_Content_Creator/output/2023-06-21 00:43:13/audio_3.mp3", "7d76f67442348f80b62cbcf3f2fd68bf": "/home/infernal/PycharmProjects/AI_Content_Creator/output/2023-06-21 00:43:13/audio_5.mp3", "92fcfc86accbcf49ff3007709cfde950": "/home/infernal/PycharmProjects/AI_Content_Creator/output/2023-06-21 00:43:13/audio_6.mp3", "ad7d56dbb37c9f3300934f71a4faf336": "/home/infernal/PycharmProjects/AI_Content_Creator/output/2023-06-21 00:43:13/audio_7.mp3", "efaf3dac164e634f2e483c7a0c0dd5ce": "/home/infernal/PycharmProjects/AI_Content_Creator/output/2023-06-21 02:38:13/audio_1.mp3", "2f243b90806889336caeec98bc95910f": "/home/infernal/PycharmProjects/AI_Content_Creator/output/2023-06-21 02:38:13/audio_2.mp3", "56fe02b7f188819aa4f674f64ec24a70": "/home/infernal/PycharmProjects/AI_Content_Creator/output/2023-06-21 02:38:13/audio_3.mp3", "ddd8ab74c25cf080e018d36a79b31c46": "/home/infernal/PycharmProjects/AI_Content_Creator/output/2023-06-21 03:22:39/audio_1.mp3", "5fd250824ed2f442d633e86b4f455dc1": "/home/infernal/PycharmProjects/AI_Content_Creator/output/2023-06-21 03:22:39/audio_3.mp3", "9c4882b72bd6ce34989cda0dd27f5351": "/home/infernal/PycharmProjects/AI_Content_Creator/output/2023-06-21 03:22:39/audio_4.mp3", "f5a6ab2b719f991e4d8c388beca9610b": "/home/infernal/PycharmProjects/AI_Content_Creator/output/2023-06-21 03:22:39/audio_6.mp3"}, "bing": {}}